,CRIM,ZN,INDUS,NOX,RM,AGE,DIS,RAD,TAX,PTRATIO,LSTAT
0,1.269488053850919,0.0,21.89,0.624,5.42523191297381,2.0,1.9384377402466886,4.0,437.0,21.2,24.997309333533668
1,0.8815300157168682,0.0,8.14,0.538,5.985800266602364,2.0,4.51318743185769,4.0,307.0,21.0,16.634002814136068
2,0.539742303467232,20.0,3.97,0.647,7.225002872141104,1.0,2.1153479553520422,5.0,264.0,13.0,9.522242201272583
